Text,Label
,
cant run express trains on time talks about bullet train,
rt big sewer rats garbage bad smell features of railway stations earlier look at this clip from old delhi railway st,
train no pnr no s,
,
train train shakes up billion world market btw can indian railways uti,
,
rt gkp ner smz,
matter is being forwarded to,
rt sir help ews give us age and attempt relaxation in xams agerelaxation ews ewsju,
rt great sant shri asaram bapu j,
rt sir help ews give us age and attempt relaxatio,
sant shri asaram bapu ji,
introduce madgoan vasco kanyakumari daily via mangalore and shornur it is long pending demand from both end,
we should rename the madgaon dadar janshatabadi train to janslowabadi the train stops more than it actually moves,
rt big sewer rats garbage bad smell features of railway stations earlier look at this clip from old delhi railway st,
no cleaning of coach done passenger are forced to use soiled toilet pnr no kindly look into it,
matter noted and forwarded to concerned officials cci nr cell and cps gwaliuor,
rt on platform no nalasopara station on a,
inconvenience caused is deeply regretted probe initiated to find reason for failure,
,
extend maq express to cape,
rt big sewer rats garbage bad smell features of railway stations earlier look at this clip from old delhi railway st,
rt big sewer rats garbage bad smell features of railway stations earlier look at this clip from old delhi railway st,
train is regularly getting significantly delayed by more than hours from few weeks for reason,
rt in indian railways guard play an important role in train operation for discharge of his duty guards were giving kg lin,
dirt is in its peak at ddu railway station,
rt railway fadnavis,
vijayawada plz do the needful on emergency basis as no water n children s r there in coach,
rt request extend hosur yesvanthpur demu services upto tumkur which,
yella panadaikalum yethuku line,
inconvenience caused is deeply regretted kindly share your journey details pnr no,
still no response no train yet can call,
inconvenience regretted matter forwarded to respective department for necessary action,
reservation booking counter person at karmelaram station in bangalore yesterday around am was very,
already informed concerned sir,
pnr no train indore gan,
as per on board electric staff no suffocation in coach ac,
matter is under control of,
this station ddu station needs cleanliness it s so bad station master needs more attention,
rt dyslexia,
rt already informed concerned sir,
rt big sewer rats garbage bad smell features of railway stations earlier look at this clip from old delhi railway st,
railway i took platform ticket using uts app by option of printed ticket dedu,
ner ki traino me aishi ghatnaye hona aam baat hai sir roz aaye din,
rt respected sir shramjeevi exp stoppage at code,
thanku for your response problrm reported att ddn,
matter relayed to concerning official,
thank you very much it s working awesome reply great,
sir aap last yrs mein joh jamshedpur wal,
rt,
pnr no no display in coach are not valid how we take our seat plz help,
rt,
kindly look into the matter,
thanku for your help and avtive response,
at buxar railway station there is only waiting hall only for first class and for sec,
rt on duty t t sunil in a c coach howrah jamalpur experess is in drunk condition kindly take an immediate action,
raipur,
rt,
police,
train reached its destination already delhi division,
kindly look rb comp no,
pathetic status of kokan railway train no alread,
needs total overhauling,
,
where is s plz help,
pnr pantry r determined to not let us sleep its pm why should we pay so much for sleepless night,
railway kindly look into it please,
rt shivratri lordshiva living being is our race mankind is our religion hindu muslim sikh christ,
sir s but seat still waiting,
,
,
req for kazipet as division for future needs travel,
this is unfortunate to tweet against i ve reserved a ticket under cancer concession for my parents,
rt,
police edchg railway railwayy kindly,
noted and fwd to concern officials for n a,
great work sir ji,
rt,
rt warm welcome honb sh ji visit to tn tuticorin tomorrow to dedicate ntp,
concerned official has been advised to look into,
looks like indian railways doesnt have to do anything with the passenger grieviances,
rt,
rt fir,
job done very much impress thanks,
just boarded in from ddu in sl class it was packed like anything ladies could not even go to washroom please,
rt big sewer rats garbage bad smell features of railway stations earlier look at this clip from old delhi railway st,
rt srdsc rpf srdste,
,
pls share your contact no and specify details you may call on security help n,
ncr kindly look into this matter,
job done thanks,
booking id sac station name nasik road,
,
rt srdsc rpf srdste,
khodiyr mahajanls,
rt introduction of new weekly ac double decker express between lokmanya tilak t madgaon jn lokmanya tilak t chan,
rt big sewer rats garbage bad smell features of railway stations earlier look at this clip from old delhi railway st,
rt fir,
rt nowhere you will find columns at the edge of a platform nex,
pnr,
rt crs,
railway gkp,
rt gkp gonda diesel shed,
rt,
rt hansraj gadkari fadnavis india,
railway people just cleaned the toilet i must say i am surprise by the visit of the railway work force thank yo,
,
rt,
,
kindly look into this,
rt fir,
rt srdsc rpf srdste,
rt big sewer rats garbage bad smell features of railway stations earlier look at this clip from old delhi railway st,
fadnavis,
railway staff pertains to mumbai div kindly look into this,
pathetic status of kokan railwa,
,
today on our incoming journey train came at platform no in ambli road station there s no facil,
the passenger had to pay more than double fare but she had to complete the journey on a dirty sta,
kindly look into this,
,
bsb pf,
rt,
khodiyr,
rt,
,
rt bsb pf,
rt srdsc rpf srdste,
rt sh dear i am traveling in which left for ranchi today tatkal was not confirmed i am in ext coach for nt,
rt fir,
rt big sewer rats garbage bad smell features of railway stations earlier look at this clip from old delhi railway st,
sir we r travelling to coimbatore from bangalore and the train is hours late no there are so many p,
rt day dombivli,
,
rt bsb pf,
rt bsb pf,
rt bsb pf,
big looting at secunderabad rly station day six hours parking charge rs only am went warangal to sec bad,
i have received this reply for the third time are you a b,
rt,
cc,
it is very pathetic for reservation passengers as all berths are occupied like general coach in,
rt nostalgic moment for years of my favourite premium train rajdhani expr,
rt gkp gonda diesel shed,
please respond waiting for your replies or this is in progress,
attend will be at ujn station,
pls share ur pnr,
rt,
and crly kindly check on th february trai,
kindly look into this matter,
rt bsb pf,
rt big looting at secunderabad rly station day six hours parking charge rs only am went warangal to sec bad up and,
noted,
rajdhani express turns passengers pampered,
railway kndly look into the matter,
rt big sewer rats garbage bad smell features of railway stations earlier look at this clip from old delhi railway st,
fyi its coimbatore express running so late,
please sir kindly take the matter seriously to catch the flight e scheduled at,
bhaiya pls help likhkar aur sahit us drm aur gm ko bhi tag karna chahi,
rt warm welcome honb sh ji visit to tn tuticorin tomorrow to dedicate ntp,
sachi pls share ur pnr details,
big looting at secunderabad rly station day six hours parking charge rs only am went warangal to sec bad up,
kindly lo,
rt bsb pf,
rt big looting at secunderabad rly station day six hours parking charge rs only am went warangal to sec bad up and d,
inconvenience caused to you is deeply regretted matter is being looked into for further necessary action,
,
rt bsb pf,
pls find the train and take necessary action as soon as possible,
railway crly,
rt bsb pf,
special offer only for ntv,
,
bhuj,
rt,
rt,
rt bsb pf,
,
with digital india small business man are lossing their business i am railway ticket agent,
rt dear sir madam my parents aged and are waiting in carmelaram railway station for the past hours w,
rt big sewer rats garbage bad smell features of railway stations earlier look at this clip from old delhi railway st,
sir my parents had for forgot to carry there ticket while travelling but they have t,
you will receive an automated reply noted,
train no name was big superfast expres,
rt bsb pf,
pnr no train no,
matter forwarded to the concerned officials,
,
no services given the official didn t attend the station master didn t meet as he k,
,
,
gyanpur road,
rt nostalgic moment for years of my favourite premium train rajdhani expr,
kindly look into it please,
,
rt train is at banaswadi don t know whom it is waiting or whether engine is,
u r,
rt pankaj jukehi,
sir i m in train no this train is delayed by min sir train bina,
,
ac is not working in train no bogie no g also need to clean bogie immediately children a,
rt,
shame on the indian railway employees who can t even attend a complain,
,
rt pune nagpur humsafar inaugural run from pune crossing with nizamuddin vasco goa sf express raildrishti,
rt big looting at secunderabad rly station day six hours parking charge rs only am went warangal to sec bad up and d,
rt sab kaam chor bhare pare ha unke pahle hard core dared not to make a sing,
rt,
,
southern railway who spoiled my life,
rt those who have stayed long enough in kashi will vouch for the change that has been ushered this is the new manduad,
rt bsb pf,
,
hi sirs there are nearly unr,
police edchg railway,
forwarded to railway,
no proper connectivity of train from vindya to indore,
kindly look into the matter,
rt just boarded in from ddu in sl class it was packed like anything ladies could not even go to washroom please help,
matter fwd n a,
thank you sir for your action,
forwarded to for necessary action,
recently i ve been to delhi using to travel everywhere and that s when i realised that,
rt big sewer rats garbage bad smell features of railway stations earlier look at this clip from old delhi railway st,
sir how long we will see this late train any solutions for it,
matter notified to officials concerned,
police edchg railway,
thank you shame odisha you haven t even made a proper road between rourkela,
train no is very let we have lot of trouble with this train i am now on nke station but train is very let,
police edchg railway,
ljn informed to attend delhi division,
rt,
please consider this,
rt bsb pf,
rt those who have stayed long enough in kashi will vouch for the change that has been ushered this is the new manduad,
rt roy this is very unfortunate that a passenger,
rt roy,
fate will never change now i understood mistakenly booked a ticket in nzm tvc sf train from calicut to e,
police edchg railway,
rt,
kindly share ur pnr details sir,
bjp,
made to sleep on floor by tte,
rt,
rt,
rt bsb pf,
rt bsb pf,
rt big sewer rats garbage bad smell features of railway stations earlier look at this clip from old delhi railway st,
rt dear sir madam my parents aged and are waiting in carmelaram railway station for the past hours w,
,
,
rt,
same here my parents are also stranded,
,
mahajanls,
why is this train running what is the purpose,
,
rt introduction of new weekly ac double decker express between lokmanya tilak t madgaon jn lokmanya tilak t chan,
hahahaha kekkar hai,
still it has not started,
rt fir,
rt srdsc rpf srdste,
rt hansraj gadkari fadnavis india,
police edchg railway,
railway,
hansraj gadkari fadnavis,
forwarded to for necessary action,
even screen touch of another atvm is not working,
police edchg railway,
,
humsafar express i m traveling in this train from gwalior to akola the train describes it n,
kolkata rajdhani express was the first rajdhani express as well as the first fully air conditioned train introduc,
,
railway crly where was this was this on an official notification,
sa thank you irctc railway some action was taken fro,
ecor at least if it is cleared at vizag passenger boarding from visakhapatnam might have s,
rt bsb pf,
rt,
rt why are you slaughtering other indian languages by imposing hindi on india fadnavis,
rt raipur secr instructed concerned cont,
,
police edchg railway,
bansawadi kannur express is getting delayed everyday my parents are stuck for past,
,
rt bhaiya pls help likhkar aur sahit us drm aur gm ko bhi tag karna chahiye jin,
pm pm,
day dombivli,
rt nostalgic moment for years of my favourite premium train rajdhani expr,
to the great irctc today i am traveling in samparkkranti s very bad service there is no mirror in,
rt great sant shri asaram bapu j,
bansawadi kannur express is getting delayed everyday my parents are stuck for past,
,
,
,
,
kindly look into it,
many charging plugs in the waiting hall on pf at vijayawada railway station are not w,
pls look into matter,
rt introduction of new weekly ac double decker express between lokmanya tilak t madgaon jn lokmanya tilak t chan,
vary late timing no ticket master no security no cleaning no facility on premium charged coatches in train no,
,
rt big looting at secunderabad rly station day six hours parking charge rs only am went warangal to sec bad up and d,
matter notified to officials concerned,
s,
,
self travelling in train no in coach a birth pnr on rd march and recei,
nrly,
rt bansawadi kannur express is getting delayed everyday my parents are stuck for past hour,
rt,
rt sir help ews give us age and attempt relaxation in xams agerelaxation ews ewsju,
matter forwarded to concerned official,
rt sir aap b fake letter likhne lage or wo b state chief minister kya bat,
,
yet still no reply from its now hours that my parents are stranded,
rt hansraj gadkari fadnavis india,
,
,
rt,
rt,
,
thanx sir for your concern,
fadnavis,
washroom of train is dirty like hell hadd hoti hai vender kya sirf tax payers ka paisa d,
what s the need of this samjhautaexpress india should discontinue this service for ever,
nashik road,
train is having logged dirty toilet how to use these can you explain coach,
rt bsb pf,
rt big sewer rats garbage bad smell features of railway stations earlier look at this clip from old delhi railway st,
,
,
train hai ya bailgari batye sir ljn se chali abi gomatinagar me hi khari hrs go gye,
fadnavis,
p lz respond under circumstances of forgetting ticket and still carrying all valid proofs does not,
fadnavis,
washroom of train is dirty li,
does this handle working cause i requested help but did not get any reply,
,
plz see,
train is delayed by more than hours on station master at carmelaram has no clue ab,
travelling in garib rath from karwar to sawantwadi its pathetic no ac nothing call it bhikari rath u idiot,
nrly,
rt big looting at secunderabad rly station day six hours parking charge rs only am went warangal to sec bad up and d,
rt travelling in garib rath from karwar to sawantwadi its pathetic no ac nothing call it bhikari rat,
rt bsb pf,
lmg gkp,
is there any policy to late passenger train which can run on time or may be less,
train arrived please switch off the fan,
rt bsb pf,
rt,
true why do we need to have any samjhauta with pakistan,
delhi to gaziabad railrunning so badly hany one here to correct it,
informed to pl fitter to take action on failure,
rt bsb pf,
it s not exactly failure but all the plug points have become loose may,
rt shri gajanan mallya general manager scr inspects mmts system in hyderabad city interacts with commuters news publis,
rt warm welcome honb sh ji visit to tn tuticorin tomorrow to dedicate ntp,
rt those who have stayed long enough in kashi will vouch for the change that has been ushered this is the new manduad,
rt nrly tika,
very poor controller controlling train at ljn getting very late please chase this train,
sir is getting delayed more than hrs could you please lookinto this we are wa,
,
is standing at aishbagh from from last minutes train is already delayed please help,
why this train is very deley from jaunpur city to ddu my pnr no facing huge probl,
rt bsb pf,
rt bsb pf,
,
hi indian railway ajj jab mere pita ji chapra grp pahunche to unse mobile khone ki application likhwa li gai jabki,
rt nrly tika,
illa kindly provide your pnr number,
rt,
nrly,
rt nrly,
tours where is,
when catering and bedding,
rt nrly tika,
i lost left there my spectacles in b coach of at hazrat nizamuddin station on ar,
pnr,
rt bsb pf,
rt bsb pf,
ald this is daily routine of this train pls check at once due to late of this train,
,
,
very difficult to sleep as all emergency lights are on in trn dt frm gimb,
,
rt at nagpur railway station for normal people pay and park and for auto rickshaw park at no parking zone cc ra,
nrly,
ye na kaho bhaiya patrakar apni aukaat pe aa gaye to ho to bahut kuch jayega,
,
rt,
,
matter informed to concern electrical staff adi for corrective action,
rt,
i am travelling on b train coach is smelling badly informed t,
rt crb railway ecrly news,
rt those who have stayed long enough in kashi will vouch for the change that has been ushered this is the new manduad,
sir train no date me suvidha ke naam par hame s s cotch me hajaro ke sankhya me c,
sir i need ur help rrb tc station master ki jo job ayi usme age july s count ki jo galt h,
sir i need ur help rrb tc station master ki jo job ayi usme age july s count ki jo galt h,
sir i need ur help rrb tc station master ki jo job ayi usme age july s count ki jo galt h,
one of a busy railway station of the hooghly railway is mayapur rail station all the people always be,
sir i need ur help rrb tc station master ki jo job ayi usme age july s count ki jo galt h,
kindly share coach and seat number,
switch off,
rt crly railway,
illa mattet is notified to the concerned officials,
rt railway crly dr rahul ghule emr tender holde,
sir waiting at yeshwantpur jn with no clear visibility about the status of train,
rt crly railway,
instructed concerned control to make arrangement for cleaning of train at next,
bp gkp hi indian railway ajj ja,
train reached its destination already inconvenience regretted delhi division,
matter is notified to the concerned officials scstn,
rs,
rt bsb pf,
nrly,
provide stop at than rly station,
sir i ne,
train reached its destination already inconvenience regretted delhi division,
rt train reached its destination already inconvenience regretted delhi division,
,
rt big sewer rats garbage bad smell features of railway stations earlier look at this clip from old delhi railway st,
where is parcel railway,
sawai madhopur bhi aisa hi hai,
big looting at secunderabad rly station day six hours parking charge rs only i went warangal to sec bad up,
instructed concerned control to send electric staff to your train at next stop,
dear sir regarding complaint on trn doj ypr bidr train is departed hrs lately any safety r,
union minister of petroleum natural gas and skill development and entrepreneurship shri and shri,
thanks for reply i will be waiting for your solution hope it will re,
rt vijaysankalpbikerally,
fadnavis,
pnr this coach is full of cockroach and other insects not even able to sit,
rt,
thank you but please inform me that what action would have taken railway is being modernized and pr,
sonawane matter noted,
,
matter informed to concern electrical staff adi for corrective action,
mobile train hasn t started yet today we are currently on erode station,
matter informed to concerned official and staff kindly look into the issue,
rt big looting at secunderabad rly station day six hours parking charge rs only am went warangal to sec bad up and d,
rt jena why was divided into two zones was it not managed well or was it to make happy before elections,
mbaib kindly share your pnr number forwarded to concerned kindly look into this matter,
kindly share your contact number,
if we did mistake then we kindly say sorry for not carrying of ticket but,
please see,
rt srdsc rpf srdste,
please please please sir please let the train no reach sealdah l,
crb news tte,
police edchg railway,
condition of sleeper coach of train no from danapur,
thank you for your acknowledgement and prompt reply sir as well as resolution sir,
its no use if u resolve my problem after completion of my journey,
rt instructed concerned control to send electric staff to your train at next stopping stat,
sir train has left varanasi station and no tt has arrived yet have been travelin,
rt,
moradabad thanks awaiting,
,
pnr,
,
rt bsb pf,
mbaib kindly look into this matter,
shk,
illa as per railway board rules passenger should carry original system tick,
shk,
tours sewri,
complain will be attend at kanpur inconvenience regretted,
rt nrly tika,
matter forwarded to concerned official for n a,
hathras travelphotography travel travelling train indianrailway lucknow familytime winter,
scstn parking charges c,
on my way to kcg to ypr train no coach s tc failed to check the tickets did not allot vacant seats to r,
rt bsb pf,
sachi infd cond to attend the same,
honorable railway minister sir,
ji i book a railway e ticket wl it does not get confirm theref,
hey i have a concern to share find additional info in dm by in reference id speakup,
rt this is unfortunate to tweet against i ve reserved a ticket under cancer concession for my parents the har,
dr arrived at guna but passenger refused,
rt crb news rd patel cti divl president of irtcso r,
tte said to you ll never understand railway system we decide who will get seat,
crb news good job big brother,
sorry for inconvenience informed to on board ac coach attendant for corrective action co,
railway railway list of train captain of the trains manned by pune,
rt nrly ti,
rt bsb pf,
rt nrly,
train left band at it reaches at erode at,
rt hon ble shri will lay the foundation stone for dharmapuri morappur new rail line and flag off,
rt know the calories you burn as you walk on the foot over bridges fob at mumbai central railway station of,
rt bsb pf,
dg,
railway i am trying to search a train no but i not found any loction of this,
is there any facility for senior citizen to get ticket from app,
please extent antyodaya express on other side upto chenn,
sir as per railway ntpc notification we the candidate have to make ews certificate before bu,
my pnr number is coach number s train number so many unauthorised persons ente,
look at the name of the express samjhautaexpress dontsparepak finalstrike,
good evening from london i think you may be trying to reach ar,
rt just boarded in from ddu in sl class it was packed like anything ladies could not even go to washroom please help,
metter notif,
police edchg,
train no coming from mumbai start date is still not running from last hours befor,
last hour actual time no any reason this train train stop in outer last hour,
thanks for the quicker solution and we greatly appreciate the response thank you so much and our problem got solve,
missing halt for roha stn its last and main stn on central railway so many passenr t,
rt bsb pf,
look in to the matter,
rt pls find the train and take necessary action as soon as possible,
rt those who have stayed long enough in kashi will vouch for the change that has been ushered this is the new manduad,
worst railway experience ever this is the scene of western railway india in modern era train no,
rt those who have stayed long enough in kashi will vouch for the change that has been ushered this is the new manduad,
train no ypr mangalote std delayed to then now no announcement,
thanks for your reponse,
rt those who have stayed long enough in kashi will vouch for the change that has been ushered this is the new manduad,
rt those who have stayed long enough in kashi will vouch for the change that has been ushered this is the new manduad,
rt those who have stayed long enough in kashi will vouch for the change that has been ushered this is the new manduad,
rt big sewer rats garbage bad smell features of railway stations earlier look at this clip from old delhi railway st,
rt those who have stayed long enough in kashi will vouch for the change that has been ushered this is the new manduad,
rt those who have stayed long enough in kashi will vouch for the change that has been ushered this is the new manduad,
rt those who have stayed long enough in kashi will vouch for the change that has been ushered this is the new manduad,
my pnr is it has been hours i am waiting of a train mangalore exp train h,
rt those who have stayed long enough in kashi will vouch for the change that has been ushered this is the new manduad,
my friend was supposed to travel from kanpur to ahmedabad on train no he missed his train even after being,
thanks great response hats off,
rt train reached its destination already inconvenience regretted delhi division,
rt those who have stayed long enough in kashi will vouch for the change that has been ushered this is the new manduad,
dear sir i am travelling from vindhyachal to bareilly with my family train no coach s seat no,
rt those who have stayed long enough in kashi will vouch for the change that has been ushered this is the new manduad,
if u kamchor people react after day train to destination pahinchegi hee,
rt those who have stayed long enough in kashi will vouch for the change that has been ushered this is the new manduad,
rt those who have stayed long enough in kashi will vouch for the change that has been ushered this is the new manduad,
irnss navic that s why we should not rely more on gps system which ow,
rt those who have stayed long enough in kashi will vouch for the change that has been ushered this is the new manduad,
rt those who have stayed long enough in kashi will vouch for the change that has been ushered this is the new manduad,
,
my bad sorry for disturbing you sir thanks for your concerns anyways,
thanks a lot for support,
rt those who have stayed long enough in kashi will vouch for the change that has been ushered this is the new manduad,
nrly,
rt those who have stayed long enough in kashi will vouch for the change that has been ushered this is the new manduad,
coach number is s,
s side upper seat chain,
rt bsb pf,
even after tracking the train for hours even after waiting at the station for so long that too late at night he s,
,
,
rt crly railway,
rt those who have stayed long enough in kashi will vouch for the change that has been ushered this is the new manduad,
rt those who have stayed long enough in kashi will vouch for the change that has been ushered this is the new manduad,
rt big looting at secunderabad rly station day six hours parking charge rs only am went warangal to sec bad up and d,
digital why you waisting exchequer hard earned money t,
in my recent visit to varanasi and prayagraj i found,
nice sir ji,
sir you all are making a fool out of me and then in the morning you all will come,
rt those who have stayed long enough in kashi will vouch for the change that has been ushered this is the new manduad,
concerned instructed,
rt bsb pf,
why poorva express get less priority than sampoorna kranti express,
rt those who have stayed long enough in kashi will vouch for the change that has been ushered this is the new manduad,
no one has reached out to me yet and i am still running out for them,
rt those who have stayed long enough in kashi will vouch for the change that has been ushered this is the new manduad,
dear sir i am travelling from vindhyachal to bareilly with my family train no co,
thank you sir,
rt those who have stayed long enough in kashi will vouch for the change that has been ushered this is the new manduad,
,
sir apse mil sakte h hm agar time ho sake to hmko appointment dedo mujhe apse bahut,
sir my pnr number is,
police edchg railway,
according to history and present importance poorva should be given prior more than prayag raj and sam,
,
b,
rt bsb pf,
,
pathetic coach position of coach ab filthy compartment is this nd ac or general class,
acoi am,
rt those who have stayed long enough in kashi will vouch for the change that has been ushered this is the new manduad,
rt those who have stayed long enough in kashi will vouch for the change that has been ushered this is the new manduad,
rt those who have stayed long enough in kashi will vouch for the change that has been ushered this is the new manduad,
rt those who have stayed long enough in kashi will vouch for the change that has been ushered this is the new manduad,
rt train no coming from mumbai start date is still not running from last hours before d,
sir this train just reached bhusawal hr late,
cc railway,
rt big sewer rats garbage bad smell features of railway stations earlier look at this clip from old delhi railway st,
cc railway,
rt those who have stayed long enough in kashi will vouch for the change that has been ushered this is the new manduad,
today saraighat express overtaken by darjeeling mail and padatik express that is ju,
rt thanks a lot sir for the tweet but electronic machine required for change each paisa fine charges need to be directly go to,
india koi bataega lhb hai kya mad benefit kya hai,
rt those who have stayed long enough in kashi will vouch for the change that has been ushered this is the new manduad,
rt on duty t t sunil in a c coach howrah jamalpur experess is in drunk condition kindly take an immediate action,
,
rt cc railway,
rt cc railway,
rt bsb pf,
hr km,
till kiul it s ecr isn t it train ne patna depart kar diya aapki jim,
plz send some one to clean the wash rooms they are stinking like anything plz do the needful pnr,
rt this road is not from iraq or syria it is a road owned and managed by in peppeganj which connects the railway,
thanx railway and rpf staff our stafff daughter resque at ndls and handover to his fami,
,
cc railway,
cc,
pankaj,
this is the position of this coach these travellers locked the gate and there is so man,
rt those who have stayed long enough in kashi will vouch for the change that has been ushered this is the new manduad,
dear rail way minister my humble request is that at least there must be water it train train n is,
please share your journey details like pnr,
rt those who have stayed long enough in kashi will vouch for the change that has been ushered this is the new manduad,
rt big sewer rats garbage bad smell features of railway stations earlier look at this clip from old delhi railway st,
rt those who have stayed long enough in kashi will vouch for the change that has been ushered this is the new manduad,
pnr pls do the needful,
dear sir ma am what is your stand on catering,
pnr,
gkp,
rt gkp,
rt those who have stayed long enough in kashi will vouch for the change that has been ushered this is the new manduad,
sir pls look into the train no it s running more than hrs,
rt big sewer rats garbage bad smell features of railway stations earlier look at this clip from old delhi railway st,
moradabad thank you sir our problem was resolved at prayag junction,
pnr,
rt bsb pf,
rt those who have stayed long enough in kashi will vouch for the change that has been ushered this is the new manduad,
b,
rt those who have stayed long enough in kashi will vouch for the change that has been ushered this is the new manduad,
rt those who have stayed long enough in kashi will vouch for the change that has been ushered this is the new manduad,
rt,
rt bsb pf,
rt those who have stayed long enough in kashi will vouch for the change that has been ushered this is the new manduad,
congratulations on y,
,
piyushgoyal piyushgoyaloffc gmncr sir i m in train no this train is delayed by min sir train bina sto,
rt big sewer rats garbage bad smell features of railway stations earlier look at this clip from old delhi railway st,
rt big sewer rats garbage bad smell features of railway stations earlier look at this clip from old delhi railway st,
check reply from timeline column,
pnr kurj to prg i have reservation in sl class but due unauthrise pass captured all the,
attended,
rt bsb pf,
,
,
this is a condition of ac bogie shivganga train number pnr coach no b,
kindly look i,
pnr kurj to prg i have reservation in sl class but due unauthrise pass captured all the,
rt nrly tika,
rt nrly tika,
rt bsb pf,
rt those who have stayed long enough in kashi will vouch for the change that has been ushered this is the new manduad,
fws to for n a,
yes u r right,
,
,
rt big sewer rats garbage bad smell features of railway stations earlier look at this clip from old delhi railway st,
rt pnr kurj to prg i have reservation in sl class but due unauthrise pass captured all the birth,
rt big looting at secunderabad rly station day six hours parking charge rs only am went warangal to sec bad up and d,
dear sir mam my pnr number is and i am travel by kop to bsb,
rt those who have stayed long enough in kashi will vouch for the change that has been ushered this is the new manduad,
does any one tell about train no which has stopped at manda since last hours continuously,
rt those who have stayed long enough in kashi will vouch for the change that has been ushered this is the new manduad,
when these cctv will be insta,
dear sir i am traveling today from rajendranagar terminal to howrah the train no in s coach,
please convert raliway line to amreli frm metre guage to broad gauge amt,
ias,
rt big sewer rats garbage bad smell features of railway stations earlier look at this clip from old delhi railway st,
kindly share your pnr number kindly look into this matter,
rt train no rxl hyd express,
rt matter forwarded to concerned official for necessary action,
rt those who have stayed long enough in kashi will vouch for the change that has been ushered this is the new manduad,
rt bsb pf,
rt ias,
rt those who have stayed long enough in kashi will vouch for the change that has been ushered this is the new manduad,
rt those who have stayed long enough in kashi will vouch for the change that has been ushered this is the new manduad,
sir maine tt ko bhi complain kiya unka kahna h ki attender pantry car lock kar ke so rahe h,
where is tte in train no i am traveling in train no some body people sit my bearth this is poor service by tte,
if you can t help please don t brag that you are doing good with railways you ca,
rt hon ble shri will lay the foundation stone for dharmapuri morappur new rail line and flag off,
rt bsb pf,
rt those who have stayed long enough in kashi will vouch for the change that has been ushered this is the new manduad,
,
rt goodnews a new railway line to be constructed between kalyan and murbad announced by cm fadnavis mr,
rt with the aim to provide a better safer journey to its passenger connecting different parts of india has b,
pnr trn doj sl kklr dvd dp b s n kirankumar s this train is fi,
sir nothing is happening train no is getting more and more late si,
rt sir before code of conduct comes into effect pls start new trains via ballari to m,
rt those who have stayed long enough in kashi will vouch for the change that has been ushered this is the new manduad,
please,
no tc have not came here to verify the tickets all general peoples are still getting into the trai,
rt nrly tika,
rt those who have stayed long enough in kashi will vouch for the change that has been ushered this is the new manduad,
rt big looting at secunderabad rly station day six hours parking charge rs only am went warangal to sec bad up and,
rt those who have stayed long enough in kashi will vouch for the change that has been ushered this is the new manduad,
honest tte dishonest travellers why ppl in india don t want to buy train tickets,
we got this train after long demand if more stops are demande,
pnr trn doj sl kklr dvd dp b s n kirankumar s this train is fi,
rt those who have stayed long enough in kashi will vouch for the change that has been ushered this is the new manduad,
no tc have not came here to verify the tickets all general peoples are still getting into the tra,
rt dear sir pls update the ms qln ms express in ntes side,
rt those who have stayed long enough in kashi will vouch for the change that has been ushered this is the new manduad,
please look into it,
rt those who have stayed long enough in kashi will vouch for the change that has been ushered this is the new manduad,
the toilet in a coach of goa sampark kranti is very dirty pls see its emergency,
rt railway railway list of train captain of the trains manned by pune division ti,
noted informed next rpf station for n a,
on my way from kcg to ypr train no coach s tc failed to check the tickets did not allot vacant seats to,
pnr trn doj sl kklr dvd dp b s n kirankumar s this train is fi,
plz provide help as train is about to reach mathura b coach berth no i want wheel chair,
it seems sir no one is caring for passengers i tried a lot to present m,
rt those who have stayed long enough in kashi will vouch for the change that has been ushered this is the new manduad,
rt those who have stayed long enough in kashi will vouch for the change that has been ushered this is the new manduad,
train no is running very late i have very urgent meeting delhi but its too late please respon,
rt those who have stayed long enough in kashi will vouch for the change that has been ushered this is the new manduad,
train no is running very late i have very urgent meeting tomorrow please respond,
train no is running very late i have very urgent meeting tomorrow please respond,
rt shivratri lordshiva living being is our race mankind is our religion hindu muslim sikh christ,
rt those who have stayed long enough in kashi will vouch for the change that has been ushered this is the new manduad,
anvt to ald kumbh special is being running too slowly already its more then,
rt,
plz help me whole milk which i kept for my baby soared out i m travelling via puri h,
would want to ask about the patheic customer service of irctc how come people could be so rude and,
great job sirjee,
kya faaida aisi train se safar kar k jisme safar kam aur suffer jyada karna pada ghante late hai train aur abhi,
train no incident date there is a rat running in my even came on,
person has drunk in train and misbehaving with ladies please take action as is not reachable t,
sir i am traveling from mirzapur to new delhi in magadh express my seat is b but in,
rt bsb pf,
rt,
nrly,
my contact no is seat no coach no b,
rt big sewer rats garbage bad smell features of railway stations earlier look at this clip from old delhi railway st,
is standing near pokhrayan from from last minutes train is already delayed please help,
rt those who have stayed long enough in kashi will vouch for the change that has been ushered this is the new manduad,
kindly provide your pnr details for further investigation,
the same train has been reduced from weekly to bi weekly with new time table why so kr also please roha as halt,
ncr jhs,
nothing can look better if people showcasing irctc via customer service do not how to talk showed extreme rudeness,
india engineers have developed a way for ev,
please look into the matter dli,
rt those who have stayed long enough in kashi will vouch for the change that has been ushered this is the new manduad,
ncr jhs dear sir mahoba jn very low service no good,
railway,
,
nrly pnr train no boarded from cnb cockroaches on seat no one is ready,
stolen bhai download,
rt big sewer rats garbage bad smell features of railway stations earlier look at this clip from old delhi railway st,
rt warm welcome honb sh ji visit to tn tuticorin tomorrow to dedicate ntp,
sir train no ac tier b me sabhi local passenger without reservation baithe hai,
rt,
ncr jhs sir mahoba station me koi bhi grp rpf polic,
the coach is too smelly please help pnr no,
activist mugilan missin,
crb news,
activist mugilan missin,
the coach is too smelly and dirty please help pnr no,
ncr jhs matter forwarded to concerned official for n a,
rt tours can u believe,
